{"cameraMode":{"drawMode":0,"name":"Shaded","section":"Shading Mode"},"sceneLighting":true,"audioPlay":false,"sceneViewState":{"m_AlwaysRefresh":false,"showFog":true,"showSkybox":true,"showFlares":true,"showImageEffects":true,"showParticleSystems":true,"showVisualEffectGraphs":true,"m_FxEnabled":false},"in2DMode":false,"pivot":{"x":-14.694805145263672,"y":-13.659263610839844,"z":26.874717712402345},"rotation":{"x":-0.41068246960639956,"y":-0.16482052206993104,"z":0.07575258612632752,"w":-0.8935626149177551},"size":59.103878021240237,"orthographic":false}